NAME;PHONE;EMAIL;CITY;MAP
Офис №1;12345678;office1@company.com;Санкт-Петербург;59.914247324856,30.341319409825
Офис №2;12345678;office2@company.com;Санкт-Петербург;59.995519004104,30.370192803137
Офис №3;12345678;office3@company.com;Санкт-Петербург;59.940441377703,30.463610874183
Офис №4;12345678;office4@company.com;Санкт-Петербург;59.881975997759,30.335223102346
